timestamp,pid,ip,user_agent
2025-09-11T07:03:55.978854,TEST123,127.0.0.1,curl/8.14.1
2025-09-11T07:04:01.429891,TEST123,127.0.0.1,curl/8.14.1
2025-09-11T07:07:31.637019,SECURITY_TEST,127.0.0.1,curl/8.14.1
2025-09-11T07:09:15.079320,'MALICIOUS_TEST,127.0.0.1,curl/8.14.1
2025-09-11T07:09:59.763004,'@FORMULA_TEST,127.0.0.1,curl/8.14.1
2025-09-11T08:20:52.267330,NETLIFY_TEST,10.83.10.156,curl/8.14.1
2025-09-11T08:23:18.366379,EXTERNAL_TEST,10.83.4.74,curl/8.14.1
2025-09-11T08:55:18.895549,UNKNOWN,10.83.7.118,"Mozilla/5.0 (X11; Linux x86_64) AppleWebKit/537.36 (KHTML, like Gecko) HeadlessChrome/131.0.6778.0 Safari/537.36"
2025-09-11T08:55:25.809295,000123,10.83.4.74,"Mozilla/5.0 (Macintosh; Intel Mac OS X 10_15_7) AppleWebKit/537.36 (KHTML, like Gecko) Chrome/139.0.0.0 Safari/537.36"
2025-09-11T08:56:07.755337,999999,10.83.4.74,"Mozilla/5.0 (Macintosh; Intel Mac OS X 10_15_7) AppleWebKit/537.36 (KHTML, like Gecko) Chrome/139.0.0.0 Safari/537.36"
2025-09-11T08:58:54.611148,UNKNOWN,10.83.5.165,"Mozilla/5.0 (Macintosh; Intel Mac OS X 10_15_7) AppleWebKit/537.36 (KHTML, like Gecko) Chrome/140.0.0.0 Safari/537.36"
2025-09-11T08:59:04.143852,66663,10.83.9.95,"Mozilla/5.0 (Macintosh; Intel Mac OS X 10_15_7) AppleWebKit/537.36 (KHTML, like Gecko) Chrome/140.0.0.0 Safari/537.36"
2025-09-11T09:00:34.563442,66663,10.83.0.137,"Mozilla/5.0 (Macintosh; Intel Mac OS X 10_15_7) AppleWebKit/537.36 (KHTML, like Gecko) Chrome/140.0.0.0 Safari/537.36"
2025-09-11T09:00:53.675177,66663,10.83.8.102,"Mozilla/5.0 (Macintosh; Intel Mac OS X 10_15_7) AppleWebKit/537.36 (KHTML, like Gecko) Chrome/140.0.0.0 Safari/537.36"
2025-09-11T09:04:33.350936,PNG_TEST,127.0.0.1,curl/8.14.1
2025-09-11T09:04:48.959299,PNG_TEST,127.0.0.1,curl/8.14.1
